,City_ID,City,Cloudiness,Country,Date,Humidity,Lat,Lng,Max Temp,Min Temp,Wind Speed
0,534313,Lomovka,100,RU,1644554994.948467,93,53.9194,58.3672,4.12,4.12,4.63
1,2108857,Gizo Government Station,74,SB,1644554995.2975438,80,-8.103,156.8419,80.91,80.91,7.83
2,2270385,Camacha,40,PT,1644554995.5636032,94,33.0833,-16.3333,61.56,60.22,8.05
3,2460954,Araouane,26,ML,1644554995.9326863,26,18.9048,-3.5265,58.26,58.26,14.2
4,964432,Port Alfred,3,ZA,1644554996.1987464,82,-33.5906,26.891,68.85,68.85,4.59
5,3985710,Cabo San Lucas,95,MX,1644554996.2547588,71,22.8909,-109.9124,68.5,55.51,4.7
6,933995,Souillac,40,MU,1644554996.522819,78,-20.5167,57.5167,83.35,80.98,3.44
7,1507390,Dikson,100,RU,1644554996.7898798,93,73.5069,80.5464,5.76,5.76,26.19
8,1279306,Afzalpur,33,IN,1644554997.059941,39,17.2,76.35,80.89,80.89,15.37
9,3393692,Itarema,80,BR,1644554997.3350022,83,-2.9248,-39.9167,76.41,76.41,6.42
10,2122090,Pevek,100,RU,1644554997.6010618,97,69.7008,170.3133,-27.18,-27.18,7.76
11,6185377,Yellowknife,100,CA,1644554997.659075,77,62.456,-114.3525,-17.45,-20.7,5.75
12,4035715,Avarua,12,CK,1644554998.03416,69,-21.2078,-159.775,82.45,82.45,8.05
13,3389321,Santa Rita,40,BR,1644554998.6703033,88,-7.1139,-34.9781,77.67,77.67,2.3
14,1529376,Korla,13,CN,1644554999.0373852,37,41.7597,86.1469,31.93,31.93,3.6
15,2110227,Butaritari,33,KI,1644554999.3504565,78,3.0707,172.7902,82.65,82.65,18.19
16,1488632,Uglovskoye,98,RU,1644554999.6755292,96,51.3557,80.1942,-3.33,-3.33,4.34
17,2022572,Khatanga,14,RU,1644554999.9645944,83,71.9667,102.5,-0.81,-0.81,13.49
18,692315,Sudak,40,UA,1644555000.3476803,79,44.85,34.9667,42.39,42.39,5.68
19,3833367,Ushuaia,40,AR,1644555000.8137858,76,-54.8,-68.3,44.26,44.26,29.93
20,5122534,Jamestown,100,US,1644555001.0898478,51,42.097,-79.2353,33.12,24.53,10.36
21,1485020,Znamenskoye,27,RU,1644555001.385914,92,57.1281,73.8282,-4.29,-4.29,7.43
22,780687,Berlevåg,96,NO,1644555001.658976,92,70.8578,29.0864,26.78,26.78,13.49
23,4030556,Rikitea,43,PF,1644555002.0210571,72,-23.1203,-134.9692,79.63,79.63,15.12
24,729730,Kyustendil,0,BG,1644555002.2911184,72,42.2839,22.6911,35.85,35.85,2.48
25,3440777,Rocha,0,UY,1644555002.5871847,94,-34.4833,-54.3333,63.0,63.0,5.41
26,1490256,Talnakh,16,RU,1644555002.859246,92,69.4865,88.3972,1.2,1.2,12.19
27,1788852,Xining,66,CN,1644555003.133308,70,36.6167,101.7667,24.26,24.26,2.86
28,2016216,Sosnovo-Ozerskoye,88,RU,1644555003.4763849,84,52.5249,111.5418,-8.43,-8.43,7.76
29,218680,Boende,96,CD,1644555003.752448,68,-0.2167,20.8667,73.13,73.13,2.08
30,1488920,Turochak,37,RU,1644555004.0295103,84,52.2576,87.1224,4.35,4.35,2.3
31,3831208,Qaanaaq,64,GL,1644555004.3065717,64,77.484,-69.3632,-23.75,-23.75,5.06
32,1015776,Bredasdorp,0,ZA,1644555004.5846345,88,-34.5322,20.0403,54.72,54.72,4.61
33,2075265,Busselton,1,AU,1644555004.855696,39,-33.65,115.3333,98.1,98.1,12.26
34,110690,Faya,15,SA,1644555005.1277566,76,18.3851,42.4509,53.71,50.52,2.77
35,3874787,Punta Arenas,84,CL,1644555005.5768583,65,-53.15,-70.9167,44.11,44.11,11.01
36,3366880,Hermanus,0,ZA,1644555005.8479197,74,-34.4187,19.2345,61.9,61.9,2.8
37,2155415,New Norfolk,8,AU,1644555006.2450087,26,-42.7826,147.0587,73.65,65.7,1.99
38,4421935,Clarksdale,75,US,1644555006.5210705,61,34.2001,-90.5709,50.92,37.56,0.0
39,2112309,Katsuura,85,JP,1644555006.7941322,57,35.1333,140.3,46.51,44.64,15.26
40,2191562,Dunedin,61,NZ,1644555007.0671935,82,-45.8742,170.5036,62.8,62.8,5.99
41,5106841,Albany,42,US,1644555007.122206,88,42.6001,-73.9662,37.35,27.12,2.42
42,3395981,Maceió,40,BR,1644555007.179219,83,-9.6658,-35.7353,76.44,76.44,5.75
43,5880054,Barrow,100,US,1644555007.4502795,69,71.2906,-156.7887,-16.58,-16.58,9.22
44,1254046,Tura,0,IN,1644555007.7203405,42,25.5198,90.2201,70.57,70.57,5.21
45,3372964,Lagoa,98,PT,1644555008.0624175,69,39.05,-27.9833,58.91,58.91,9.86
46,3652764,Puerto Ayora,88,EC,1644555008.11943,93,-0.7393,-90.3518,74.55,74.55,4.79
47,2337680,Illela,0,NG,1644555008.3904915,11,13.7292,5.2975,63.77,63.77,12.95
48,2643044,Margate,7,GB,1644555008.6615534,85,51.3813,1.3862,37.31,34.11,14.94
49,315202,Eskişehir,1,TR,1644555008.944616,74,39.7767,30.5206,30.25,30.25,4.07
50,2180815,Tuatapere,79,NZ,1644555009.214677,75,-46.1333,167.6833,61.83,61.83,7.78
51,2206939,Bluff,25,NZ,1644555009.4847376,75,-46.6,168.3333,61.81,61.81,12.64
52,1735106,George Town,40,MY,1644555009.54075,79,5.4112,100.3354,84.13,81.99,3.44
53,2210554,Sirte,100,LY,1644555009.8088105,61,31.2089,16.5887,56.97,56.97,3.98
54,5866583,Saint Paul Harbor,100,US,1644555010.1228817,80,57.79,-152.4072,35.11,35.11,29.93
55,6170031,Tuktoyaktuk,100,CA,1644555010.4499552,91,69.4541,-133.0374,-14.28,-14.28,20.8
56,2194098,Ahipara,54,NZ,1644555010.7270179,86,-35.1667,173.1667,77.54,77.54,10.49
57,3419842,Sisimiut,100,GL,1644555010.994078,77,66.9395,-53.6735,13.87,13.87,13.27
58,1486321,Yar-Sale,82,RU,1644555011.2641385,80,66.8333,70.8333,3.58,3.58,17.31
59,1649150,Bengkulu,100,ID,1644555011.5311983,63,-3.8004,102.2655,82.78,82.78,5.39
60,933649,Khakhea,9,BW,1644555011.8072612,61,-24.6895,23.494,71.29,71.29,10.67
61,4252060,Virden,100,US,1644555011.8652754,76,39.5009,-89.7679,37.67,32.05,14.23
62,3447597,Sidrolândia,0,BR,1644555012.1333346,79,-20.9319,-54.9614,75.99,75.99,5.59
63,1524243,Georgiyevka,89,KZ,1644555012.407396,74,43.0369,74.7114,26.64,26.64,4.47
64,3471451,Arraial do Cabo,100,BR,1644555012.7044632,92,-22.9661,-42.0278,72.1,72.1,3.91
65,1734052,Sandakan,40,MY,1644555012.9845262,79,5.8402,118.1179,83.88,83.62,13.0
66,1513087,Nurota,100,UZ,1644555013.2535865,34,40.5614,65.6886,44.69,44.69,4.76
67,6201424,Mataura,24,NZ,1644555013.5346491,59,-46.1927,168.8643,61.48,61.48,8.03
68,2171099,Codrington,97,AU,1644555013.8057106,52,-38.2667,141.9667,65.26,65.26,17.05
69,1686123,Siocon,100,PH,1644555014.0747712,75,7.7061,122.1353,84.31,84.31,8.95
70,2038198,Chaihe,100,CN,1644555014.3808396,87,44.7667,129.7,20.16,20.16,1.23
71,1633419,Padang,100,ID,1644555014.6489005,58,-0.9492,100.3543,86.05,86.05,2.51
72,2121385,Severo-Kuril'sk,90,RU,1644555014.9509685,75,50.6789,156.125,28.53,28.53,3.74
73,364933,Umm Kaddadah,7,SD,1644555015.220029,28,13.6017,26.6876,53.87,53.87,18.99
74,679902,Curteşti,70,RO,1644555015.553104,74,47.7167,26.65,42.31,35.28,3.24
75,3492908,Santo Domingo,13,DO,1644555015.674131,90,18.5001,-69.9886,73.08,73.08,4.03
76,3369157,Cape Town,0,ZA,1644555015.964197,82,-33.9258,18.4232,64.11,62.11,6.91
77,580969,Arkhipo-Osipovka,100,RU,1644555016.238258,90,44.37,38.52,41.31,41.31,12.26
78,64435,Berbera,1,SO,1644555016.503318,60,10.4396,45.0143,74.07,74.07,5.37
79,3443061,Chui,0,UY,1644555016.775379,85,-33.6971,-53.4616,68.97,68.97,9.75
80,5848280,Kapaa,75,US,1644555017.0454397,77,22.0752,-159.319,78.78,69.19,4.61
81,3418910,Upernavik,63,GL,1644555017.315501,98,72.7868,-56.1549,-19.73,-19.73,5.99
82,2137773,Vao,100,NC,1644555017.5865624,85,-22.6667,167.4833,81.7,81.7,32.88
83,1106643,Quatre Cocos,7,MU,1644555017.8656247,72,-20.2078,57.7625,83.08,80.71,5.97
84,5983607,Inuvik,75,CA,1644555018.196699,76,68.3499,-133.7218,-15.74,-23.04,3.44
85,3430863,Mar del Plata,100,AR,1644555018.2587132,86,-38.0023,-57.5575,70.88,69.82,9.22
86,4362001,Mayo,75,US,1644555018.5247734,68,38.8876,-76.5119,44.76,33.78,4.61
87,3359736,Vredendal,0,ZA,1644555018.8958573,72,-31.6683,18.5012,63.07,63.07,1.07
88,1529484,Kumul,100,CN,1644555019.165918,58,42.8,93.45,29.37,29.37,5.5
89,3466165,Cidreira,12,BR,1644555019.453983,82,-30.1811,-50.2056,73.94,73.94,19.37
90,2013279,Vostok,100,RU,1644555019.7230437,82,46.4856,135.8833,22.01,22.01,2.55
91,1804979,Juegang,96,CN,1644555019.993104,63,32.3174,121.1855,45.63,45.63,11.36
92,2439155,Tanout,0,NE,1644555020.2571635,17,14.9709,8.8879,55.99,55.99,12.55
93,2181625,Te Anau,22,NZ,1644555020.5302246,57,-45.4167,167.7167,70.0,70.0,6.24
94,6096551,Pangnirtung,100,CA,1644555020.8532975,97,66.1451,-65.7125,-1.41,-1.41,8.55
95,4726521,San Patricio,89,US,1644555021.1213589,75,28.017,-97.5169,58.82,50.72,6.49
96,5746545,Portland,100,US,1644555021.1793714,89,45.5234,-122.6762,48.52,42.4,8.05
97,1789647,Xichang,11,CN,1644555021.448431,48,27.8964,102.2634,56.86,56.86,3.94
98,5855927,Hilo,75,US,1644555021.8255165,80,19.7297,-155.09,73.13,69.62,0.0
99,3723593,Jérémie,1,HT,1644555022.092577,81,18.65,-74.1167,75.38,75.38,2.04
100,5972291,Havre-St-Pierre,100,CA,1644555022.3616376,100,50.2334,-63.5986,30.79,30.2,4.61
101,3827693,La Macarena,71,CO,1644555022.6286972,94,2.1837,-73.7849,70.72,70.72,2.21
102,1701054,Marawi,100,PH,1644555022.8967576,77,7.9986,124.2928,71.65,71.65,7.11
103,3175096,Laas,33,IT,1644555023.1618176,75,46.6166,10.7002,40.46,16.84,1.68
104,1489822,Tegul'det,26,RU,1644555023.4298775,88,57.3064,88.1667,-1.03,-1.03,2.71
105,4032243,Vaini,40,TO,1644555023.6959379,94,-21.2,-175.2,82.56,82.56,10.36
106,3466704,Castro,9,BR,1644555023.7469492,99,-24.7911,-50.0119,57.38,57.38,4.79
107,608324,Shetpe,17,KZ,1644555024.0150092,75,44.1667,52.1167,31.86,31.86,13.35
108,2264557,Ponta do Sol,100,PT,1644555024.2810693,50,32.6667,-17.1,66.7,63.12,4.38
109,6078372,Moose Factory,100,CA,1644555024.5471294,84,51.2585,-80.6094,-9.4,-11.22,0.0
110,553766,Kamenka,95,RU,1644555024.8161902,93,51.3223,42.7678,26.74,26.74,7.47
111,1717787,Catuday,68,PH,1644555025.0852506,56,16.2923,119.8062,82.47,82.47,2.59
112,6149996,Smithers,0,CA,1644555025.140263,60,54.7804,-127.1743,34.12,34.12,6.91
113,2889709,Kleinblittersdorf,40,DE,1644555025.4073224,89,49.1578,7.0373,37.27,33.1,9.22
114,103630,Najrān,3,SA,1644555025.6763833,26,17.4924,44.1277,52.45,52.45,1.54
115,2088659,Panguna,98,PG,1644555026.05947,95,-6.3164,155.4848,71.64,71.64,3.29
116,546105,Nikolskoye,94,RU,1644555026.330531,93,59.7035,30.7861,32.4,31.8,8.23
117,605155,Kiruna,75,SE,1644555026.5985904,68,67.8557,20.2251,18.52,18.52,12.66
118,4034551,Faanui,26,PF,1644555026.8646512,72,-16.4833,-151.75,81.72,81.72,14.05
119,1282256,Hithadhoo,100,MV,1644555027.1377134,68,-0.6,73.0833,81.1,81.1,3.96
120,2163355,Hobart,40,AU,1644555027.482791,43,-42.8794,147.3294,74.01,66.06,19.57
121,2077895,Alice Springs,0,AU,1644555027.7538507,19,-23.7,133.8833,87.35,87.35,11.5
122,471308,Voyvozh,100,RU,1644555028.039916,91,62.892,54.9635,16.97,16.97,11.39
123,537541,Kvarkeno,100,RU,1644555028.3239796,95,52.0833,59.725,20.43,20.43,12.41
124,2015306,Tiksi,100,RU,1644555028.642051,93,71.6872,128.8694,-12.06,-12.06,12.06
125,380348,Abū Zabad,3,SD,1644555028.911111,24,12.35,29.25,60.15,60.15,17.22
126,1804169,Lengshuijiang,100,CN,1644555029.1781719,94,27.6881,111.4294,39.33,39.33,2.44
127,777682,Skjervøy,100,NO,1644555029.444232,60,70.0311,20.9714,32.9,32.9,27.67
128,3837702,San Fernando del Valle de Catamarca,100,AR,1644555029.7172933,46,-28.4696,-65.7852,84.78,72.05,11.01
129,545626,Kondopoga,98,RU,1644555029.987354,94,62.2057,34.2614,29.88,29.7,7.34
130,5379533,Orange Cove,0,US,1644555030.2624161,51,36.6244,-119.3137,60.57,51.85,3.76
131,1855540,Naze,46,JP,1644555030.5304759,55,28.3667,129.4833,61.72,61.72,10.11
132,477940,Ust-Tsilma,100,RU,1644555030.7995372,93,65.441,52.1498,22.48,22.48,10.36
133,2012530,Zhigansk,100,RU,1644555031.067597,96,66.7697,123.3711,-20.56,-20.56,12.68
134,3435264,Concepción del Uruguay,18,AR,1644555031.1256106,75,-32.4825,-58.2372,68.99,68.83,8.66
135,565611,Dolgorukovo,100,RU,1644555031.3966713,95,52.3195,38.3453,25.75,25.75,8.55
136,2208248,Kaitangata,16,NZ,1644555031.6687326,75,-46.2817,169.8464,61.05,61.05,7.25
137,762199,Pionki,92,PL,1644555032.0528193,60,51.476,21.4499,40.82,37.18,1.99
138,3445348,Wenceslau Braz,0,BR,1644555032.1108325,95,-23.8739,-49.8028,58.21,58.21,5.32
139,2172880,Byron Bay,11,AU,1644555032.1618433,59,-28.65,153.6167,85.05,75.31,19.86
140,1006984,East London,40,ZA,1644555032.2158563,83,-33.0153,27.9116,68.94,68.94,9.22
141,1513491,Yangi Marg`ilon,100,UZ,1644555032.498919,65,40.4272,71.7189,42.22,34.95,0.0
142,2034440,Tieli,100,CN,1644555032.76898,89,46.95,128.05,21.92,21.92,4.61
143,5563397,Eureka,0,US,1644555033.0390413,84,40.8021,-124.1637,52.99,50.61,4.14
144,2068110,Kununurra,75,AU,1644555033.444132,52,-15.7667,128.7333,94.98,94.98,5.75
145,4513583,Hamilton,0,US,1644555033.5011451,76,39.1834,-84.5333,34.43,24.6,5.75
146,1142263,Farah,1,AF,1644555033.7692056,25,32.5,62.5,51.98,51.98,2.06
147,3347019,Mossamedes,100,AO,1644555034.0372663,87,-15.1961,12.1522,72.32,72.32,3.91
148,2381334,Atar,98,MR,1644555034.357338,17,20.5169,-13.0499,66.36,66.36,10.96
149,964420,Port Elizabeth,0,ZA,1644555034.41035,82,-33.918,25.5701,61.09,61.09,4.61
150,2017155,Saskylakh,95,RU,1644555034.6774092,93,71.9167,114.0833,2.93,2.93,12.46
151,6141439,Sault Ste. Marie,100,CA,1644555034.9584732,82,46.5168,-84.3333,23.56,21.02,6.91
152,1502073,Krasnosel'kup,85,RU,1644555035.2665434,86,65.7,82.4667,-6.84,-6.84,9.98
153,1640902,Kawalu,100,ID,1644555035.535603,61,-7.3817,108.2082,84.7,84.7,1.66
154,1855342,Nishihara,40,JP,1644555035.8026633,54,26.1842,127.7558,69.46,67.28,10.36
155,5546220,Saint George,0,US,1644555036.0667229,39,37.1041,-113.5841,55.99,49.42,5.75
156,4020109,Atuona,16,PF,1644555036.3347824,74,-9.8,-139.0333,78.42,78.42,17.0
157,933288,Mopipi,72,BW,1644555036.7468765,70,-21.1833,24.8833,73.15,73.15,5.35
158,3355672,Lüderitz,45,NA,1644555037.017937,70,-26.6481,15.1594,68.63,68.63,8.03
159,1511381,Aromashevo,5,RU,1644555037.2869976,88,56.8602,68.6375,-5.76,-5.76,10.89
160,3792382,Cartagena del Chairá,95,CO,1644555037.5530572,89,1.3349,-74.8429,73.72,73.72,0.92
161,2022463,Khilok,72,RU,1644555037.8221178,75,51.3674,110.4676,-2.33,-2.33,5.84
162,5044290,Saint Anthony,75,US,1644555037.8801305,82,45.0205,-93.218,40.6,35.69,12.66
163,1262039,Namakkal,14,IN,1644555038.1521924,35,11.2213,78.1652,78.19,78.19,4.68
164,3424607,Tasiilaq,100,GL,1644555038.4192522,62,65.6145,-37.6368,8.46,8.46,4.81
165,6165406,Thompson,0,CA,1644555038.6853123,69,55.7435,-97.8558,-23.64,-23.64,9.22
166,3883457,Lebu,0,CL,1644555039.0303895,78,-37.6167,-73.65,54.64,54.64,16.87
167,3675504,Manaure,65,CO,1644555039.29745,81,11.7751,-72.4445,75.79,75.79,12.26
168,80509,Al Bardīyah,15,LY,1644555039.6205225,74,31.7561,25.0865,50.77,50.77,9.17
169,1847947,Shingū,0,JP,1644555039.8915842,41,33.7333,135.9833,54.59,52.92,4.25
170,3430443,Necochea,100,AR,1644555040.2086556,92,-38.5473,-58.7368,62.04,62.04,14.81
171,5849996,Lahaina,30,US,1644555040.2666688,88,20.8783,-156.6825,75.2,70.65,1.9
172,3893726,Constitución,100,CL,1644555040.3216808,61,-35.3333,-72.4167,59.52,59.52,3.56
173,2013216,Vysokogornyy,100,RU,1644555040.5877407,74,50.1167,139.15,17.31,17.31,1.97
174,1526041,Atasū,79,KZ,1644555040.8568006,95,48.6814,71.6433,8.67,8.67,5.91
175,2662689,Visby,75,SE,1644555041.1208606,87,57.6409,18.296,35.82,35.06,13.8
176,2172797,Cairns,27,AU,1644555041.437932,62,-16.9167,145.7667,90.07,87.75,8.05
177,3692020,Nauta,100,PE,1644555041.7640052,92,-4.5061,-73.5757,73.13,73.13,0.65
178,1283679,Banepā,20,NP,1644555042.0960803,66,27.6298,85.5214,52.12,52.12,2.3
179,2063042,Port Hedland,17,AU,1644555042.432156,44,-20.3167,118.5667,96.85,96.85,18.41
180,2527087,Tiznit Province,39,MA,1644555042.7002163,24,29.5833,-9.5,54.95,54.95,2.75
181,3393762,Oeiras do Pará,98,BR,1644555043.0302906,98,-2.0031,-49.8544,72.73,72.73,1.68
182,3531571,Cardonal,49,MX,1644555043.2993517,86,20.6,-99.1333,47.61,47.61,3.62
183,2308278,Mbini,26,GQ,1644555043.5754132,87,1.574,9.6134,78.12,78.12,4.94
184,1819729,Hong Kong,34,HK,1644555043.8954854,76,22.2855,114.1577,70.25,66.18,5.99
185,1261375,Nimāparha,11,IN,1644555044.22656,53,20.0667,86.0167,75.6,75.6,7.87
186,3446038,Trindade,98,BR,1644555044.4956203,98,-16.6494,-49.4889,69.55,69.55,2.62
187,1214488,Meulaboh,48,ID,1644555044.7766833,65,4.1363,96.1285,85.05,85.05,5.37
188,2361177,Djibo,0,BF,1644555045.0437438,10,14.1022,-1.6306,65.3,65.3,11.14
189,2146108,Traralgon,22,AU,1644555045.3098037,30,-38.1833,146.5333,79.41,73.9,6.4
190,4997130,Ingham,40,US,1644555045.5738626,80,42.6,-84.3833,28.35,24.64,5.75
191,95788,Hīt,5,IQ,1644555045.841923,65,33.6416,42.8251,49.64,49.64,9.82
192,3372707,Ribeira Grande,100,PT,1644555046.1729975,69,38.5167,-28.7,59.94,59.94,10.16
193,510342,Pestretsy,100,RU,1644555046.4450588,97,55.7531,49.6545,17.74,17.15,5.44
194,2632287,Dalvik,81,IS,1644555046.712119,79,65.9702,-18.5286,31.93,31.93,12.21
195,2214432,Nālūt,62,LY,1644555046.981181,74,30.3333,10.85,42.87,42.87,9.69
196,2610343,Vestmanna,75,FO,1644555047.248241,75,62.1564,-7.1664,36.52,36.52,17.27
197,1106677,Bambous Virieux,40,MU,1644555047.5122995,78,-20.3428,57.7575,83.21,80.85,3.44
198,64814,Bandarbeyla,92,SO,1644555047.5643117,65,9.4942,50.8122,75.4,75.4,16.82
199,2278158,Buchanan,27,LR,1644555047.8303714,90,5.8808,-10.0467,76.96,76.96,2.33
200,2304548,Anloga,0,GH,1644555048.1004324,84,5.7947,0.8973,80.82,80.82,5.91
201,2269142,Colares,72,PT,1644555048.4045005,67,38.7992,-9.4469,58.33,53.26,15.01
202,2459775,Bougouni,2,ML,1644555048.6715605,11,11.417,-7.479,71.46,71.46,8.08
203,2132606,Samarai,77,PG,1644555048.9506235,61,-10.6167,150.6667,83.89,83.89,19.15
204,4031574,Provideniya,0,RU,1644555049.0046372,64,64.3833,-173.3,-11.09,-11.09,11.18
205,577922,Belomorsk,100,RU,1644555049.2716959,91,64.5232,34.7668,27.34,27.34,8.86
206,544397,Kortkeros,100,RU,1644555049.5377557,94,61.8106,51.5806,19.4,19.18,8.59
207,2070998,Geraldton,75,AU,1644555049.8058162,48,-28.7667,114.6,90.01,90.01,19.57
208,3939168,Huarmey,100,PE,1644555050.1248872,81,-10.0681,-78.1522,71.06,71.06,5.12
209,1808857,Hanzhong,95,CN,1644555050.3949492,48,33.0728,107.0303,50.14,50.14,1.61
210,6095416,Outlook,100,CA,1644555050.6650093,88,51.5001,-107.0513,22.69,21.76,13.71
211,3991347,Puerto Peñasco,0,MX,1644555050.9370706,29,31.3167,-113.5333,65.91,65.91,3.0
212,2455216,Kita,0,ML,1644555051.210132,10,13.0349,-9.4895,70.7,70.7,8.41
213,4845585,Westport,0,US,1644555051.478192,66,41.1415,-73.3579,44.76,30.81,3.44
214,556268,Ostrovnoy,100,RU,1644555051.531204,88,68.0531,39.5131,23.38,23.38,16.24
215,2038067,Chifeng,22,CN,1644555051.801265,29,42.2683,118.9636,26.29,26.29,3.91
216,3105522,Bereda,81,ES,1644555052.0753267,100,43.2686,-7.5406,47.57,42.87,4.83
217,1273294,Delhi,20,IN,1644555052.1333396,73,28.6667,77.2167,65.3,57.29,8.05
218,333772,Jimma,93,ET,1644555052.3994002,62,7.6667,36.8333,65.77,65.77,0.67
219,5367788,Lompoc,0,US,1644555052.452412,48,34.6391,-120.4579,65.19,52.52,3.44
220,2255542,Owando,59,CG,1644555052.7234726,78,-0.4819,15.8999,71.64,71.64,3.11
221,6620339,Karratha,30,AU,1644555052.9925334,51,-20.7377,116.8463,92.19,92.19,18.7
222,1650434,Bambanglipuro,71,ID,1644555053.2886002,59,-7.95,110.2833,87.48,87.48,8.08
223,2282006,San-Pédro,32,CI,1644555053.5586603,92,4.7485,-6.6363,77.32,77.32,2.1
224,2228079,Mbalmayo,68,CM,1644555053.833723,98,3.5167,11.5,66.52,66.52,2.91
225,1571058,Phan Thiet,97,VN,1644555053.9387467,51,10.9333,108.1,88.93,88.93,16.8
226,3193545,Peći,0,BA,1644555054.207807,76,44.6272,16.7861,33.01,33.01,4.59
227,3395458,Maragogi,100,BR,1644555054.477868,76,-9.0122,-35.2225,77.72,77.72,5.61
228,126409,Kūhdasht,100,IR,1644555054.818945,93,33.535,47.6061,38.71,38.71,8.93
229,934322,Mahébourg,40,MU,1644555054.871956,78,-20.4081,57.7,83.25,80.89,3.44
230,1492566,Severo-Yeniseyskiy,22,RU,1644555055.2880502,86,60.3725,93.0408,-1.5,-1.5,3.02
231,3386213,Touros,21,BR,1644555055.5561101,79,-5.1989,-35.4608,79.7,79.7,8.01
232,2629833,Husavik,47,IS,1644555055.823171,77,66.0449,-17.3389,31.91,31.91,11.54
233,2729907,Longyearbyen,100,SJ,1644555056.2982779,88,78.2186,15.6401,16.9,16.9,3.18
234,2160517,Launceston,40,AU,1644555056.5683386,29,-41.45,147.1667,80.15,72.48,12.66
235,6050066,La Ronge,0,CA,1644555056.8353987,77,55.1001,-105.2842,-9.15,-9.18,8.05
236,5134295,Rome,88,US,1644555057.115462,91,43.2128,-75.4557,35.46,32.72,4.63
237,533964,Loukhi,98,RU,1644555057.3935244,97,66.0764,33.0381,24.06,24.06,4.56
238,3356332,Karibib,100,NA,1644555057.658584,77,-21.9333,15.8333,67.95,67.95,6.64
239,986717,Kruisfontein,0,ZA,1644555057.7105956,79,-34.0033,24.7314,63.9,63.9,2.06
240,6089245,Norman Wells,20,CA,1644555057.9816563,76,65.282,-126.8329,-14.76,-14.76,4.61
241,915471,Kalabo,89,ZM,1644555058.3067303,93,-14.97,22.6814,65.41,65.41,4.59
242,3836277,Santa Fe,8,AR,1644555058.6848152,54,-31.6333,-60.7,77.0,68.92,7.0
243,5380437,Pacific Grove,0,US,1644555058.783837,57,36.6177,-121.9166,63.45,53.42,6.91
244,3459352,Ladário,51,BR,1644555059.0538976,88,-19.0047,-57.6017,72.77,72.77,2.55
245,2033675,Xinmin,4,CN,1644555059.3869731,41,41.9908,122.8253,30.45,30.45,13.58
246,1632694,Pangkalanbuun,99,ID,1644555059.666036,53,-2.6833,111.6167,88.38,88.38,5.64
247,1786060,Yuanping,100,CN,1644555059.9480996,29,38.7153,112.7575,37.8,37.8,3.71
248,1254657,Thānesar,0,IN,1644555060.2331636,48,29.9833,76.8167,59.02,59.02,11.7
249,1520281,Oytal,84,KZ,1644555060.5182273,64,42.9057,73.2697,36.86,36.86,5.3
250,2246901,Oussouye,7,SN,1644555060.800291,36,12.485,-16.5469,72.93,72.93,3.62
251,3171985,Orbetello,2,IT,1644555061.1253643,100,42.4408,11.2196,48.79,41.0,8.05
252,2122389,Ossora,19,RU,1644555061.400427,80,59.2353,163.0719,-6.65,-6.65,4.03
253,918905,Chinsali,100,ZM,1644555061.6704874,98,-10.5414,32.0816,61.83,61.83,2.26
254,3421765,Nanortalik,100,GL,1644555061.9395483,66,60.1432,-45.2371,27.41,27.41,3.78
255,2315728,Gemena,28,CD,1644555062.209609,32,3.25,19.7667,68.85,68.85,1.57
256,1529660,Aksu,0,CN,1644555062.4836705,24,41.1231,80.2644,32.52,32.52,1.59
257,6167817,Torbay,75,CA,1644555062.8137448,90,47.6666,-52.7314,33.76,30.49,9.22
258,3397763,Jacareacanga,96,BR,1644555063.083805,98,-6.2222,-57.7528,72.52,72.52,1.41
259,2425791,Kibala,0,TD,1644555063.4958985,24,9.1104,18.3463,67.95,67.95,0.0
260,134721,Fasa,0,IR,1644555063.7619584,75,28.9383,53.6482,33.04,33.04,0.0
261,6944113,Mont-Joli,40,CA,1644555064.1530457,75,48.5839,-68.1921,35.1,29.39,17.27
262,863061,Usinsk,100,RU,1644555064.4231062,77,65.9939,57.5281,21.42,21.42,20.24
263,3391889,Pitimbu,52,BR,1644555064.7011697,77,-7.4706,-34.8086,77.59,77.59,7.65
264,4328010,Houma,87,US,1644555064.9702303,84,29.5958,-90.7195,53.01,44.6,3.38
265,3839307,Rawson,0,AR,1644555065.1022606,54,-43.3002,-65.1023,57.79,57.79,7.4
266,2265888,Montemor-o-Novo,93,PT,1644555065.451338,59,38.6481,-8.2145,54.81,49.41,5.17
267,1052373,Beira,40,MZ,1644555065.7203991,94,-19.8436,34.8389,75.29,75.29,4.61
268,1651810,Airai,100,TL,1644555065.9894598,88,-8.9266,125.4092,67.06,67.06,0.65
269,2028164,Deputatsky,100,RU,1644555066.260523,91,69.3,139.9,-8.91,-8.91,4.0
270,705104,Kostyantynivka,100,UA,1644555066.5295813,98,48.5277,37.7069,34.52,34.52,8.39
271,6355222,Yulara,0,AU,1644555066.7996416,17,-25.2406,130.9889,91.24,91.24,6.91
272,2126123,Chokurdakh,72,RU,1644555066.8536544,92,70.6333,147.9167,-27.49,-27.49,9.66
273,2178753,Kirakira,88,SB,1644555067.1257157,82,-10.4544,161.9205,81.93,81.93,9.31
274,3374083,Bathsheba,40,BB,1644555067.177727,73,13.2167,-59.5167,77.61,77.61,18.41
275,2100933,Ambunti,100,PG,1644555067.446788,83,-4.2365,142.8448,78.91,78.91,3.78
276,3361934,Saldanha,0,ZA,1644555067.727851,87,-33.0117,17.9442,55.45,55.45,8.21
277,3423146,Ilulissat,100,GL,1644555067.994911,83,69.2167,-51.1,-7.69,-7.69,4.97
278,3421719,Narsaq,95,GL,1644555068.0459223,62,60.9167,-46.05,13.59,13.59,7.54
279,5166009,Painesville,40,US,1644555068.3209853,73,41.7245,-81.2457,31.69,26.73,8.05
280,159179,Ilula,99,TZ,1644555068.6330552,83,-7.6766,36.0366,65.35,65.35,1.05
281,2112802,Hasaki,91,JP,1644555068.6850665,57,35.7333,140.8333,46.29,43.09,19.57
282,7647007,Bariloche,0,AR,1644555068.9601285,39,-41.1456,-71.3082,42.55,37.24,3.44
283,4036284,Alofi,1,NU,1644555069.2291892,70,-19.0595,-169.9187,85.89,85.89,12.66
284,371745,Kutum,0,SD,1644555069.502251,32,14.2,24.6667,47.25,47.25,7.02
285,1735902,Sibu,40,MY,1644555069.7733119,79,2.3,111.8167,84.51,84.51,5.75
286,5282297,Bethel,0,US,1644555070.0573754,67,41.3712,-73.414,40.66,27.28,0.0
287,2112576,Ishinomaki,46,JP,1644555070.3294368,60,38.4167,141.3,39.2,39.2,8.57
288,2257990,Madingou,81,CG,1644555070.6605115,97,-4.1536,13.55,70.52,70.52,2.51
289,5983720,Iqaluit,100,CA,1644555070.721525,71,63.7506,-68.5145,2.93,2.7,9.22
290,2214846,Misratah,6,LY,1644555071.014591,67,32.3754,15.0925,54.81,54.81,4.47
291,189280,Lodwar,0,KE,1644555071.3176591,36,3.1191,35.5973,83.82,83.82,11.56
292,2092164,Lorengau,100,PG,1644555071.5907207,77,-2.0226,147.2712,83.16,83.16,6.6
293,4588165,Mt. Pleasant,0,US,1644555071.6467333,81,32.7941,-79.8626,52.0,43.18,3.0
294,1185117,Narsingdi,2,BD,1644555071.9177945,52,23.9208,90.7181,69.82,68.07,6.2
295,1215502,Banda Aceh,45,ID,1644555072.2098603,65,5.5577,95.3222,85.1,85.1,4.07
296,1244926,Hambantota,40,LK,1644555072.4819212,100,6.1241,81.1185,79.14,79.14,1.14
297,2037485,Erenhot,100,CN,1644555072.850005,79,43.6475,111.9767,8.22,8.22,4.18
298,2074865,Carnarvon,100,AU,1644555072.9000156,36,-24.8667,113.6333,98.67,98.67,12.66
299,5955826,Fort Frances,100,CA,1644555073.2255242,74,48.5999,-93.4003,21.42,18.05,4.61
300,3948613,Acarí,42,PE,1644555073.551162,78,-15.4311,-74.6158,72.25,72.25,2.71
301,3448903,São João da Barra,100,BR,1644555073.8362262,98,-21.6403,-41.0511,71.53,71.53,6.17
302,563300,Fatezh,100,RU,1644555074.1192899,97,52.0891,35.8632,30.18,29.55,9.28
303,5404476,Ukiah,0,US,1644555074.393352,63,39.1502,-123.2078,63.64,52.63,1.01
304,3388456,São José da Coroa Grande,100,BR,1644555074.6644123,75,-8.8978,-35.1478,78.12,78.12,6.13
305,921786,Mitsamiouli,75,KM,1644555074.9864852,89,-11.3847,43.2844,79.09,79.09,13.8
306,1835848,Seoul,0,KR,1644555075.0374968,36,37.5683,126.9778,49.51,42.24,3.44
307,1497917,Nefteyugansk,5,RU,1644555075.305557,93,61.0998,72.6035,-8.86,-9.15,10.54
308,964712,Plettenberg Bay,6,ZA,1644555075.5726173,82,-34.0527,23.3716,64.85,64.85,2.06
309,1496503,Noyabrsk,86,RU,1644555075.8446784,90,63.1994,75.4507,-6.07,-6.07,12.5
310,4177872,West Melbourne,0,US,1644555076.1127386,87,28.0717,-80.6534,59.97,50.97,3.44
311,2964492,Dunmore East,68,IE,1644555076.1687515,68,52.1514,-6.9861,36.68,28.63,4.74
312,4407010,Saint Joseph,100,US,1644555076.2307665,49,39.7686,-94.8466,50.72,46.06,16.11
313,5882953,Aklavik,62,CA,1644555076.282777,99,68.2191,-135.0107,-15.77,-23.08,2.77
314,3412093,Vestmannaeyjar,99,IS,1644555076.610851,61,63.4427,-20.2734,36.19,36.19,0.38
315,1714733,Dingle,98,PH,1644555076.663863,72,10.9995,122.6711,82.45,82.45,15.05
316,3461641,Iaciara,100,BR,1644555076.9289224,97,-14.0958,-46.6317,67.87,67.87,2.42
317,4013679,Coahuayana Viejo,0,MX,1644555077.1979828,65,18.7333,-103.6833,65.64,65.64,4.43
318,1528998,Yumen,57,CN,1644555077.4780464,36,40.2833,97.2,29.59,29.59,22.19
319,1488167,Ust'-Koksa,55,RU,1644555077.750108,91,50.2696,85.6108,-0.53,-0.53,1.01
320,2094027,Kieta,97,PG,1644555078.0731804,85,-6.2167,155.6333,80.78,80.78,6.67
321,1067565,Beloha,73,MG,1644555078.3502429,75,-25.1667,45.05,78.62,78.62,11.21
322,6316343,Alta Floresta,100,BR,1644555078.4032547,97,-9.8756,-56.0861,71.65,71.65,2.66
323,2033423,Yebaishou,21,CN,1644555078.6753159,26,41.3975,119.6408,31.15,31.15,11.07
324,3491161,Bull Savanna,23,JM,1644555078.9463768,86,17.8868,-77.5902,72.37,72.37,6.93
325,2618795,Klaksvík,95,FO,1644555079.210436,67,62.2266,-6.589,38.32,38.32,24.29
326,8079926,Labuhan,100,ID,1644555079.477496,78,-6.8844,112.2051,82.54,82.54,10.02
327,363619,Yei,100,SS,1644555079.7495577,34,4.095,30.6779,75.79,75.79,2.39
328,3433899,Formosa,0,AR,1644555079.8055706,47,-26.1775,-58.1781,80.58,80.58,4.61
329,3354071,Oranjemund,21,NA,1644555080.0746307,88,-28.55,16.4333,62.92,62.92,9.24
330,3392862,Patu,100,BR,1644555080.3476923,73,-6.11,-37.6367,75.92,75.92,7.09
331,499025,Samoded,100,RU,1644555080.620754,91,63.6083,40.5111,25.66,25.66,4.34
332,1497543,Nizhnevartovsk,0,RU,1644555080.8948154,77,60.9344,76.5531,-7.58,-7.58,4.47
333,5364022,La Palma,0,US,1644555081.1598752,38,33.8464,-118.0467,74.77,63.52,4.61
334,945945,Upington,0,ZA,1644555081.4279356,55,-28.4478,21.2561,66.58,66.58,3.44
335,5364271,Laguna,0,US,1644555081.6949954,75,38.421,-121.4238,63.41,51.19,5.75
336,3868626,Valparaíso,100,CL,1644555081.9620562,74,-33.0393,-71.6273,65.48,54.52,1.14
337,6111862,Port Hardy,40,CA,1644555082.228115,93,50.6996,-127.4199,41.76,39.38,5.75
338,5853992,Wahiawā,100,US,1644555082.4951756,72,21.5028,-158.0236,71.92,66.38,0.0
339,935215,Saint-Philippe,45,RE,1644555082.5461864,76,-21.3585,55.7679,82.11,80.15,5.88
340,2019884,Mogzon,78,RU,1644555082.8162484,74,51.7435,111.9606,-2.27,-2.27,6.2
341,1168700,Ormara,0,PK,1644555083.082308,45,25.2088,64.6357,69.85,69.85,1.77
342,2145554,Ulladulla,100,AU,1644555083.3503685,81,-35.35,150.4667,69.76,67.87,11.72
343,2637762,Skegness,7,GB,1644555083.6244302,81,53.1436,0.3363,37.58,31.98,10.74
344,5079250,South Sioux City,100,US,1644555083.89149,81,42.4739,-96.4136,46.35,44.87,13.8
345,6690296,Saint-Joseph,39,RE,1644555084.2235649,75,-21.3667,55.6167,81.1,79.16,5.75
346,1788402,Xiongzhou,100,CN,1644555084.493626,94,25.1167,114.3,51.39,51.39,2.86
347,4033356,Tiarei,56,PF,1644555084.546638,75,-17.5333,-149.3333,84.22,84.22,14.72
348,1710590,Ipilan,88,PH,1644555084.814698,73,8.8431,117.9033,83.68,83.68,14.34
349,1856392,Muroto-misakicho,24,JP,1644555085.0817583,52,33.2833,134.15,57.24,57.24,3.47
350,2152659,Port Macquarie,34,AU,1644555085.350819,57,-31.4333,152.9167,81.9,78.76,14.12
351,1801983,Luocheng,16,CN,1644555085.6198797,51,29.3848,104.0286,52.27,52.27,1.79
352,159267,Ikungi,100,TZ,1644555085.8889399,91,-5.1333,34.7667,62.91,62.91,2.3
353,3402648,Carutapera,100,BR,1644555086.1580007,93,-1.195,-46.02,75.99,75.99,4.79
354,2514651,Los Llanos de Aridane,20,ES,1644555086.4230604,30,28.6585,-17.9182,67.12,64.15,11.99
355,3577430,Road Town,7,VG,1644555086.705124,80,18.4167,-64.6167,75.29,75.0,20.49
356,3374210,São Filipe,98,CV,1644555086.7971447,62,14.8961,-24.4956,76.06,76.06,5.32
357,3128795,Barbastro,92,ES,1644555087.066205,64,42.0356,0.1269,49.78,33.98,2.28
358,1001860,Giyani,6,ZA,1644555087.3492692,57,-23.3025,30.7187,71.46,71.46,4.92
359,2147714,Sydney,75,AU,1644555087.4052818,78,-33.8679,151.2073,77.56,70.05,25.32
360,2090021,Namatanai,82,PG,1644555087.4592936,76,-3.6667,152.4333,82.96,82.96,6.89
361,3663684,Lábrea,100,BR,1644555087.7273536,98,-7.2586,-64.7981,72.93,72.93,1.01
362,5847411,Kahului,40,US,1644555087.9954143,79,20.8947,-156.47,75.22,70.68,11.5
363,2236967,Soyo,35,AO,1644555088.2704759,87,-6.1349,12.3689,75.25,75.25,6.02
364,2037252,Genhe,100,CN,1644555088.5945487,71,50.7833,121.5167,6.51,6.51,3.76
365,2123814,Leningradskiy,45,RU,1644555088.6475604,95,69.3833,178.4167,-28.8,-28.8,4.32
366,1283562,Butwāl,1,NP,1644555088.917622,61,27.7006,83.4484,65.19,65.19,4.68
367,582447,Almaznyy,100,RU,1644555089.184682,96,48.0448,40.045,37.54,37.54,6.96
368,2119283,Zyryanka,38,RU,1644555089.453742,92,65.75,150.85,-23.57,-23.57,3.89
369,3059101,Levice,41,SK,1644555089.7228034,88,48.2156,18.6071,40.55,31.71,3.8
370,2138555,Poum,99,NC,1644555089.9918635,83,-20.2333,164.0167,81.41,81.41,21.63
371,5392126,San Joaquin,0,US,1644555090.2639241,67,37.9333,-121.3011,62.11,51.26,0.0
372,352628,Maţāy,94,EG,1644555090.530985,61,28.419,30.7792,52.9,52.9,5.88
373,4026082,Lázaro Cárdenas,0,MX,1644555090.795044,72,17.9583,-102.2,70.29,70.29,4.81
374,2138592,Pouembout,100,NC,1644555091.0641046,82,-21.1333,164.9,82.94,82.94,12.33
375,2171766,Charlestown,82,AU,1644555091.3401668,89,-32.95,151.6667,76.78,67.1,4.0
376,5563839,Fortuna,0,US,1644555091.6152291,85,40.5982,-124.1573,52.72,50.34,9.22
377,355449,Esna,0,EG,1644555091.9453034,59,25.2934,32.554,44.62,44.62,9.86
378,2170260,Corowa,20,AU,1644555092.2143636,25,-36.0333,146.3833,85.57,82.58,5.1
379,3690172,Algarrobo,71,CO,1644555092.4794242,72,10.1869,-74.5753,79.18,79.18,4.23
380,4021858,Guerrero Negro,0,MX,1644555092.5324357,50,27.9769,-114.0611,64.0,64.0,5.95
381,3421982,Maniitsoq,100,GL,1644555092.7974958,94,65.4167,-52.9,23.4,23.4,16.46
382,286621,Salalah,50,OM,1644555093.0615547,60,17.0151,54.0924,71.69,71.69,2.53
383,1519580,Saryozek,85,KZ,1644555093.4376395,73,44.3583,77.9753,24.15,24.15,2.55
384,2186722,Moerewa,62,NZ,1644555093.7137022,89,-35.3833,174.0333,78.35,78.35,7.78
385,5861897,Fairbanks,40,US,1644555093.7707145,74,64.8378,-147.7164,-10.86,-20.24,4.61
386,3984997,San Quintín,0,MX,1644555094.0327735,30,30.4833,-115.95,64.11,64.11,5.12
387,463838,Zelenoborskiy,100,RU,1644555094.3008337,98,66.845,32.3622,18.93,18.93,2.82
388,5742974,North Bend,100,US,1644555094.7189274,99,43.4065,-124.2243,47.86,44.85,10.36
389,3125287,Cervo,69,ES,1644555095.0850167,91,43.6702,-7.4101,51.19,51.19,18.03
390,3838859,Río Gallegos,0,AR,1644555095.3520708,53,-51.6226,-69.2181,44.65,44.65,14.97
391,2156643,Mount Gambier,42,AU,1644555095.4060826,40,-37.8333,140.7667,71.51,71.51,19.57
392,501091,Rovnoye,94,RU,1644555095.6811445,86,50.7765,46.0509,32.95,32.95,11.14
393,3902377,La Santisima Trinidad,37,BO,1644555095.738157,88,-14.8333,-64.9,75.2,75.2,4.97
394,4032420,Neiafu,20,TO,1644555096.0052178,79,-18.65,-173.9833,84.88,84.88,10.36
395,1264037,Malpe,6,IN,1644555096.299284,37,13.35,74.7167,81.7,81.7,3.8
396,1786855,Yatou,44,CN,1644555096.5683444,43,37.15,122.3833,47.86,47.86,4.25
397,5909514,Brooks,1,CA,1644555096.8384051,60,50.5834,-111.8851,36.23,29.82,10.36
398,151986,Namanyere,100,TZ,1644555097.1064658,96,-7.5167,31.05,60.53,60.53,2.26
399,3465145,Crixás,100,BR,1644555097.376526,95,-14.5489,-49.9692,69.15,69.15,1.57
400,3653967,Muisne,99,EC,1644555097.6465867,90,0.6,-80.0333,74.3,74.3,5.39
401,4895282,Harvard,100,US,1644555097.9716601,88,42.4222,-88.6137,31.51,27.14,22.88
402,1816373,Bijie,100,CN,1644555098.2437215,88,27.3125,105.2942,33.78,33.78,4.65
403,1337607,Kudahuvadhoo,89,MV,1644555098.5117822,72,2.6708,72.8944,81.91,81.91,8.08
404,2071860,Esperance,25,AU,1644555098.563794,28,-33.8667,121.9,109.24,109.24,17.56
405,889215,Kariba,98,ZW,1644555098.8298528,88,-16.5167,28.8,69.75,69.75,2.35
406,4061234,Fairhope,0,US,1644555098.8908672,81,30.523,-87.9033,55.67,37.11,4.61
407,1256117,Sinor,38,IN,1644555099.162928,24,21.9167,73.3333,69.82,69.82,12.41
408,6067747,Matagami,86,CA,1644555099.218941,100,49.7502,-77.6328,-13.76,-13.76,1.52
409,1797417,Qiyang,100,CN,1644555099.4890013,91,26.5911,111.8474,41.32,41.32,3.27
410,1516048,Khovd,94,MN,1644555099.8110743,91,48.0056,91.6419,-2.25,-2.25,3.49
411,2294915,Takoradze,3,GH,1644555100.135147,92,4.8845,-1.7554,77.47,77.47,5.06
412,3693584,Pimentel,98,PE,1644555100.4412162,76,-6.8367,-79.9342,71.89,71.89,8.75
413,2126710,Beringovskiy,28,RU,1644555100.7152781,96,63.05,179.3167,-25.67,-25.67,7.72
414,3622716,Nicoya,10,CR,1644555100.9823375,74,10.1483,-85.452,74.75,74.75,5.41
415,5921357,Chilliwack,87,CA,1644555101.2674024,95,49.1747,-121.9443,45.52,42.58,1.14
416,2120591,Tilichiki,4,RU,1644555101.5314617,77,60.4667,166.1,-9.38,-9.38,7.56
417,5354943,Half Moon Bay,0,US,1644555101.5884745,54,37.4636,-122.4286,66.4,54.25,4.61
418,3451138,Rio Grande,8,BR,1644555101.643487,81,-32.035,-52.0986,72.95,72.95,16.89
419,1265632,Kunda,0,IN,1644555101.9115472,43,25.7167,81.5167,67.21,67.21,10.47
420,3843123,Neuquén,0,AR,1644555102.1896102,34,-38.9516,-68.0591,66.09,66.09,9.22
421,3573681,Siparia,3,TT,1644555102.4636714,94,10.1333,-61.5,75.06,70.79,1.01
422,1157662,Bang Saphan,54,TH,1644555102.7347329,55,11.2126,99.5117,89.55,89.55,7.29
423,5505411,Henderson,0,US,1644555103.002793,30,36.0397,-114.9819,66.24,57.54,9.22
424,1174872,Karachi,0,PK,1644555103.0618064,42,24.9056,67.0822,66.02,66.02,2.3
425,2176639,Batemans Bay,100,AU,1644555103.3338678,77,-35.7167,150.1833,70.11,69.91,9.46
426,5146062,Ashland,67,US,1644555103.5989273,89,40.8167,-82.2665,28.51,23.99,10.02
427,4779923,Poquoson,0,US,1644555103.6599412,51,37.1224,-76.3458,53.64,44.62,12.66
428,1580410,Hong Gai,100,VN,1644555103.9270012,93,20.956,107.0946,64.31,64.31,3.38
429,1731248,Alugan,100,PH,1644555104.1970618,88,12.2188,125.4808,78.42,78.42,14.07
430,1259385,Port Blair,40,IN,1644555104.5231347,78,11.6667,92.75,82.44,82.44,11.5
431,2630299,Hofn,39,IS,1644555104.5781476,59,64.2539,-15.2082,28.36,28.36,12.55
432,1003764,Frankfort,46,ZA,1644555104.8472083,67,-27.2667,28.4833,64.94,64.94,3.74
433,545788,Kommunar,77,RU,1644555105.117269,92,59.6206,30.39,32.04,31.44,9.64
434,118063,Sabzawār,40,IR,1644555105.173281,55,36.2126,57.6819,34.88,34.88,6.91
435,2110560,Yamada,100,JP,1644555105.4403417,70,39.4667,141.95,37.04,37.04,11.34
436,3988392,Rosarito,0,MX,1644555105.7214077,33,32.3333,-117.0333,69.57,61.75,4.23
437,5952330,Ferme-Neuve,77,CA,1644555105.9874651,98,46.7001,-75.4493,14.05,14.05,0.69
438,4231997,Avera,19,US,1644555106.039477,57,33.194,-82.5271,55.27,36.28,4.9
439,3531673,Cancún,40,MX,1644555106.094489,73,21.1743,-86.8466,73.33,73.06,5.75
440,5204278,Oil City,0,US,1644555106.1495018,80,41.4339,-79.7064,29.79,24.15,5.75
441,542184,Krasnovishersk,100,RU,1644555106.4175615,93,60.4078,57.082,14.65,14.65,10.38
442,1489870,Tayshet,57,RU,1644555106.7076275,84,55.9342,98.0044,-1.23,-1.23,4.32
443,2063056,Port Augusta,0,AU,1644555106.9736874,22,-32.5,137.7667,90.72,90.72,15.99
444,3115824,Muros,21,ES,1644555107.2397468,92,42.7762,-9.0603,53.24,47.08,7.83
445,187968,Malindi,20,KE,1644555107.5268116,83,-3.2175,40.1191,77.16,77.16,0.0
446,1337610,Thinadhoo,99,MV,1644555107.976913,69,0.5333,72.9333,81.23,81.23,1.95
447,2413866,Bansang,2,GM,1644555108.2489738,9,13.4333,-14.65,76.53,76.53,9.31
448,88319,Benghazi,0,LY,1644555108.5160336,67,32.1167,20.0667,53.47,53.47,6.67
449,3385980,Tucumã,80,BR,1644555108.5720496,95,-0.1833,-50.05,74.48,74.48,3.94
450,962367,Richards Bay,19,ZA,1644555108.842107,84,-28.783,32.0377,73.26,73.26,3.74
451,2136825,Isangel,75,VU,1644555109.110169,79,-19.55,169.2667,86.11,86.11,16.11
452,6324729,Halifax,34,CA,1644555109.16218,93,44.6453,-63.5724,37.49,34.7,16.11
453,3145614,Mo i Rana,75,NO,1644555109.42724,89,66.3128,14.1428,27.32,25.27,3.44
454,6930327,Slavutych,100,UA,1644555109.699301,84,51.5196,30.7343,37.2,37.2,5.99
455,343593,Āreka,31,ET,1644555109.9683611,41,7.0667,37.7,66.02,66.02,5.1
456,2231881,Eséka,58,CM,1644555110.2994359,91,3.65,10.7667,73.08,73.08,1.5
457,2212775,Sabha,0,LY,1644555110.566496,48,27.0377,14.4283,44.58,44.58,9.51
458,778362,Øksfjord,99,NO,1644555110.8345559,77,70.2396,22.3479,32.92,28.47,23.62
459,4677008,Bryan,0,US,1644555110.8935692,49,30.6744,-96.37,56.66,50.59,5.75
460,3894426,Coyhaique,0,CL,1644555111.1596293,49,-45.5752,-72.0662,48.15,43.41,6.91
461,3421193,Paamiut,100,GL,1644555111.4256895,69,61.994,-49.6678,16.12,16.12,10.02
462,5167350,Powell,0,US,1644555111.4817019,87,40.1578,-83.0752,28.74,23.88,4.61
463,3420846,Qaqortoq,95,GL,1644555111.7497623,65,60.7167,-46.0333,15.8,15.8,6.4
464,2610942,Ullerslev,19,DK,1644555112.0178227,94,55.3617,10.6519,34.84,34.84,10.38
465,3452483,Prado,14,BR,1644555112.289884,91,-17.3411,-39.2208,75.9,75.9,6.64
466,5924351,Clyde River,75,CA,1644555112.5589445,76,70.4692,-68.5914,-18.17,-18.17,20.71
467,2098329,Daru,96,PG,1644555112.8400078,59,-9.0763,143.2092,86.59,86.59,7.61
468,3408368,Acaraú,85,BR,1644555112.8910193,84,-2.8856,-40.12,76.71,76.71,6.73
469,934649,Cap Malheureux,4,MU,1644555113.1590803,65,-19.9842,57.6142,83.46,81.09,1.99
470,4004293,Ixtapa,0,MX,1644555113.2100914,82,20.7,-105.2,67.23,65.43,0.0
471,4272340,Great Bend,0,US,1644555113.2681036,47,38.3645,-98.7648,46.04,43.32,13.8
472,281133,Gaza,25,PS,1644555113.5431662,69,31.5,34.4667,50.88,48.18,5.12
473,5850554,Makakilo City,100,US,1644555113.8112266,69,21.3469,-158.0858,73.72,68.2,3.44
474,3995647,Moctezuma,0,MX,1644555114.0802875,19,29.8,-109.6667,58.55,58.55,6.98
475,2639495,Renfrew,5,GB,1644555114.1362998,92,55.872,-4.3925,36.16,23.23,2.3
476,7671223,Kloulklubed,100,PW,1644555114.1893113,75,7.0419,134.2556,83.25,83.25,18.01
477,1174451,Keti Bandar,0,PK,1644555114.455372,40,24.1447,67.4497,72.55,72.55,4.45
478,1521351,Kazygurt,100,KZ,1644555114.750439,53,41.7589,69.3864,44.53,40.78,4.45
479,5261852,Marinette,100,US,1644555115.0835125,100,45.1,-87.6307,26.96,23.14,13.8
480,2145110,Wagga Wagga,40,AU,1644555115.3645759,30,-35.1167,147.3667,89.85,86.41,6.91
481,158324,Kiratu,100,TZ,1644555115.7746682,71,-3.3333,35.6667,66.07,66.07,2.59
482,2209055,Waddān,2,LY,1644555116.0387282,79,29.1614,16.139,46.27,46.27,5.79
483,4972220,Millinocket,100,US,1644555116.3087888,93,45.6573,-68.7098,33.82,30.31,0.0
484,3430545,Morón,0,AR,1644555116.5738478,78,-34.6534,-58.6198,76.75,66.09,4.59
485,3347353,Menongue,100,AO,1644555116.8919203,96,-14.6585,17.691,61.05,61.05,0.6
486,5915327,Cap-aux-Meules,100,CA,1644555117.15898,100,47.3821,-61.8597,32.05,32.02,18.41
487,4301317,Morehead,0,US,1644555117.4240394,86,37.2711,-87.1764,39.99,29.95,0.0
488,3932145,Pisco,0,PE,1644555117.6900997,73,-13.7,-76.2167,71.65,71.02,6.91
489,1033356,Nampula,40,MZ,1644555117.9551587,94,-15.1165,39.2666,71.55,71.55,4.61
490,1516589,Zhezkazgan,75,KZ,1644555118.2252197,86,47.8043,67.7144,19.38,19.38,15.66
491,6065592,Maple Creek,64,CA,1644555118.49228,64,49.9168,-109.4848,36.09,35.37,10.36
492,1267390,Kavaratti,80,IN,1644555118.5422916,72,10.5669,72.642,80.24,80.24,10.63
493,686090,Asău,100,RO,1644555118.8173535,90,46.4333,26.4,36.75,27.52,7.2
494,1249931,Beruwala,88,LK,1644555119.0964162,64,6.4788,79.9828,84.67,84.67,1.16
495,932960,Werda,13,BW,1644555119.3804805,61,-25.2667,23.2833,71.08,71.08,5.44
496,2756669,Dordrecht,59,NL,1644555119.7155561,82,51.81,4.6736,43.05,40.03,8.99
497,866062,Iskateley,99,RU,1644555119.9836164,87,67.6803,53.1512,22.19,22.19,18.66
498,1160571,Khāsh,0,IR,1644555120.2526767,23,28.2211,61.2158,54.5,54.5,4.0
499,778707,Mehamn,99,NO,1644555120.3677025,87,71.0357,27.8492,28.58,28.58,11.48
500,2399001,Mayumba,53,GA,1644555120.6337624,89,-3.432,10.6554,76.28,76.28,7.09
501,2141305,Fayaoué,95,NC,1644555120.9328299,84,-20.65,166.5333,82.83,82.83,25.48
502,1213493,Teluk Nibung,100,ID,1644555121.20089,69,3.001,99.8164,83.48,83.48,4.12
503,1630789,Pontianak,75,ID,1644555121.4729517,70,-0.0333,109.3333,85.98,85.98,3.44
504,2065594,Mount Isa,0,AU,1644555121.5239623,19,-20.7333,139.5,100.17,100.17,11.5
505,3996426,Matamoros,89,MX,1644555121.59798,32,25.5333,-103.25,56.1,56.1,1.77
506,3919998,Cobija,23,BO,1644555121.873041,98,-11.0267,-68.7692,71.87,71.87,2.93
507,1056899,Sambava,14,MG,1644555122.155105,83,-14.2667,50.1667,78.1,78.1,4.63
508,2126199,Cherskiy,100,RU,1644555122.2511268,99,68.75,161.3,-32.24,-32.24,5.55
509,456008,Rūjiena,85,LV,1644555122.5761998,88,57.8975,25.3316,34.05,34.05,9.86
510,2303611,Esim,9,GH,1644555122.8642647,93,4.8699,-2.2405,77.09,77.09,3.85
511,777019,Vardø,88,NO,1644555122.9152763,81,70.3705,31.1107,21.4,21.4,10.56
512,2019004,Novaya Igirma,74,RU,1644555123.1903384,88,57.1334,103.9112,-6.05,-6.05,2.28
513,3369179,Caledon,0,ZA,1644555123.4593985,77,-34.23,19.4265,59.16,59.16,1.01
514,2027786,Amga,98,RU,1644555123.73346,86,60.8953,131.9608,-9.44,-9.44,3.58
515,5504003,Fernley,0,US,1644555124.0015209,50,39.608,-119.2518,50.86,38.37,2.01
516,5326297,Barstow,0,US,1644555124.2695813,31,34.8986,-117.0228,61.5,54.07,1.34
517,5969025,Haines Junction,31,CA,1644555124.3215928,100,60.7522,-137.5108,-5.15,-5.15,2.15
518,6301965,Palmerston,40,AU,1644555124.377605,52,-12.486,130.9833,93.18,92.88,8.05
519,3832899,Viedma,89,AR,1644555124.4296172,52,-40.8135,-62.9967,59.76,59.76,7.0
520,2157698,Mildura,99,AU,1644555124.48963,24,-34.2,142.15,81.07,78.76,12.66
521,327234,Tulu Bolo,93,ET,1644555124.7586913,43,8.6667,38.2167,60.87,60.87,5.75
522,1688781,City of San Pedro,75,PH,1644555125.061759,63,14.35,121.0167,88.36,82.09,9.22
523,7117100,Vila,90,PT,1644555125.3408222,86,42.0304,-8.1588,45.34,39.7,2.42
524,924705,Nkhotakota,100,MW,1644555125.6088827,84,-12.9274,34.2961,73.54,73.54,1.45
525,3870282,Talcahuano,0,CL,1644555125.8819435,67,-36.7167,-73.1167,55.08,55.08,8.05
526,3382160,Cayenne,100,GF,1644555126.2340233,89,4.9333,-52.3333,77.09,75.24,1.14
527,543246,Kozhva,100,RU,1644555126.5050845,80,65.1073,57.0459,17.64,17.64,14.83
528,2396518,Port-Gentil,100,GA,1644555126.783147,80,-0.7193,8.7815,80.46,80.46,8.34
529,4111382,Forrest City,3,US,1644555127.067211,65,35.0081,-90.7898,44.46,40.78,7.7
530,3912119,Lahuachaca,77,BO,1644555127.3392718,85,-17.3667,-67.6667,45.07,45.07,6.26
531,2647984,Great Yarmouth,11,GB,1644555127.7333603,73,52.6083,1.7305,36.95,33.31,16.62
532,2134814,Sola,100,VU,1644555127.7863731,79,-13.8833,167.55,81.81,81.81,17.29
533,3351663,Benguela,99,AO,1644555128.0554335,71,-12.5763,13.4055,73.67,73.67,3.29
534,3837213,San Juan,99,AR,1644555128.3284945,66,-31.5375,-68.5364,68.97,68.97,18.28
535,565407,Dombarovskiy,100,RU,1644555128.7115808,96,50.7587,59.5386,24.22,24.22,13.15
536,2410065,Yamandu,12,SL,1644555129.0796638,99,7.9362,-11.4928,70.0,70.0,0.96
537,2249281,Linguère,21,SN,1644555129.3507254,12,15.3953,-15.1193,72.27,72.27,14.29
538,933815,Dekar,92,BW,1644555129.7088058,77,-21.5333,21.9333,68.85,68.85,2.68
539,3662489,Santa Isabel Rio Negro,100,BR,1644555130.0488827,96,-0.4139,-65.0192,73.11,73.11,0.31
540,100926,Umluj,0,SA,1644555130.3239436,54,25.0213,37.2685,60.46,60.46,10.4
541,3922414,Camiri,81,BO,1644555130.6080081,70,-20.05,-63.5167,70.25,70.25,3.2
542,3731095,Aquin,13,HT,1644555130.8730679,81,18.2833,-73.4,75.29,75.29,4.54
543,3868633,Vallenar,1,CL,1644555131.1381276,80,-28.5708,-70.7581,63.01,63.01,1.79
544,1082243,Ambilobe,99,MG,1644555131.4381952,92,-13.2,49.05,76.42,76.42,2.44
545,523392,Naryan-Mar,99,RU,1644555131.7042549,87,67.6713,53.087,22.23,22.23,18.72
546,594861,Šeduva,62,LT,1644555132.0123246,90,55.7667,23.7667,32.43,32.43,10.76
547,3392996,Parnarama,34,BR,1644555132.2883866,98,-5.6817,-43.0933,71.02,71.02,2.39
548,1713191,Garchitorena,82,PH,1644555132.5614476,79,13.8804,123.6946,80.22,80.22,11.52
549,1266540,Kilvelur,83,IN,1644555132.8905215,80,10.7672,79.7419,77.77,77.77,11.05
550,533418,Lukovetskiy,100,RU,1644555133.1825879,96,64.2956,41.9211,26.58,25.99,5.35
551,2220853,Yokadouma,43,CM,1644555133.447647,31,3.5167,15.05,63.41,63.41,0.56
552,1270820,Gudalur,33,IN,1644555133.7247093,47,9.6833,77.2667,82.24,82.24,7.23
553,49747,Oddur,15,SO,1644555133.9957707,60,4.1213,43.8894,70.25,70.25,22.21
554,2126682,Bilibino,50,RU,1644555134.2668319,98,68.0546,166.4372,-36.99,-36.99,2.55
555,2738381,Lata,94,PT,1644555134.3178434,59,40.1629,-8.3327,58.82,49.71,3.04
556,464260,Zaterechnyy,98,RU,1644555134.5859032,87,44.7931,45.2097,38.08,38.08,13.67
557,2444219,Gouré,3,NE,1644555134.8699677,23,13.9835,10.2704,59.02,59.02,9.82
558,3680090,Juradó,96,CO,1644555135.142029,91,7.1053,-77.7641,75.94,75.94,3.15
559,2032614,Baruun-Urt,100,MN,1644555135.4130898,81,46.6806,113.2792,4.77,4.77,1.81
560,2027296,Aykhal,98,RU,1644555135.6841507,94,66.0,111.5,0.41,0.41,6.42
561,2039557,Khasan,97,RU,1644555135.954212,83,42.4308,130.6434,31.26,31.26,6.93
562,5337908,Clearlake,0,US,1644555136.2772849,47,38.9582,-122.6264,60.78,48.52,3.24
563,2122104,Petropavlovsk-Kamchatskiy,0,RU,1644555136.5773516,59,53.0452,158.6483,25.39,25.39,2.24
564,6853140,Lesnoy,100,RU,1644555136.8434117,90,57.6198,63.0784,3.11,3.11,12.33
565,3041732,Mariehamn,0,AX,1644555137.1224744,69,60.0973,19.9348,30.06,30.06,9.22
566,237379,Ndélé,29,CF,1644555137.3895378,20,8.4109,20.6473,66.16,66.16,4.97
567,5989403,Kapuskasing,75,CA,1644555137.727611,85,49.4169,-82.4331,3.2,1.49,8.05
568,934479,Grand Gaube,4,MU,1644555137.781623,65,-20.0064,57.6608,83.37,81.0,1.99
569,1651531,Ambon City,40,ID,1644555138.0476832,83,-3.6954,128.1814,82.54,82.54,9.22
570,3109254,Segovia,92,ES,1644555138.3357482,62,41.1667,-4.0,48.43,41.83,2.51
571,1153035,Kathu,93,TH,1644555138.60481,68,7.9178,98.3332,89.62,85.82,10.54
572,3450083,Santa Maria,0,BR,1644555138.69983,85,-29.6842,-53.8069,66.54,66.54,6.87
573,1258338,Ratnagiri,32,IN,1644555138.9708903,37,16.9833,73.3,86.43,86.43,10.58
574,524901,Moscow,100,RU,1644555139.059911,91,55.7522,37.6156,32.45,30.72,8.75
575,2125693,Evensk,46,RU,1644555139.3299785,78,61.95,159.2333,-8.7,-8.7,3.31
576,3655131,La Libertad,49,EC,1644555139.5960317,76,-2.2333,-80.9,75.02,75.02,6.82
577,6696258,Campbellton,100,CA,1644555139.8650932,89,48.0075,-66.6727,27.05,27.05,9.13
578,2409914,Bonthe,3,SL,1644555140.1321528,93,7.5264,-12.505,75.09,75.09,3.36
579,2139521,Noumea,100,NC,1644555140.2391763,99,-22.2763,166.4572,84.99,82.38,20.33
580,2013392,Vilyuysk,65,RU,1644555140.503236,92,63.7553,121.6247,-15.93,-15.93,2.95
581,1685422,Sulangan,98,PH,1644555140.822308,80,11.1373,123.7228,80.29,80.29,18.57
582,6145890,Shelburne,86,CA,1644555141.0963695,83,44.0787,-80.2041,28.85,24.24,11.16
583,3520994,Puerto Escondido,0,MX,1644555141.1503818,83,15.85,-97.0667,77.83,77.83,0.0
584,1160939,Iranshahr,0,IR,1644555141.470454,26,27.2025,60.6848,57.54,57.54,4.61
585,3887127,Iquique,6,CL,1644555141.591481,68,-20.2208,-70.1431,68.04,68.04,3.62
586,3674676,Mitú,94,CO,1644555141.8595414,87,1.1983,-70.1733,74.17,74.17,2.33
587,1177042,Hasilpur,0,PK,1644555142.1296017,24,29.7122,72.5553,66.18,66.18,2.98
588,2511150,Santa Lucía,0,ES,1644555142.395663,45,27.9117,-15.5407,61.77,57.94,4.61
589,3356832,Henties Bay,83,NA,1644555142.662722,89,-22.116,14.2845,71.85,71.85,8.28
590,3526934,Hueyapan,11,MX,1644555142.9357834,50,18.8667,-98.6667,56.08,56.08,2.06
591,2088122,Port Moresby,20,PG,1644555143.2018437,55,-9.4431,147.1797,89.02,89.02,17.27
592,3939761,Hualmay,100,PE,1644555143.4689038,81,-11.0964,-77.6139,70.27,70.27,5.66
